Category,Title,Writer,Book_made,Sell_price,Image_uri
일본소설,"오늘 밤, 세계에서 이 사랑이 사라진다 해도(20만 부 기념 리커버 에디션)",이치조 미사키,모모,"12,600",http://image.kyobobook.co.kr/images/book/large/297/l9791191043297.jpg
일본소설,인간 실격,다자이 오사무,민음사,"7,200",http://image.kyobobook.co.kr/images/book/large/033/l9788937461033.jpg
일본소설,허상의 어릿광대,히가시노 게이고,재인,"16,920",http://image.kyobobook.co.kr/images/book/large/940/l9788990982940.jpg
일본소설,요리코를 위해,노리즈키 린타로,모모,"13,500",http://image.kyobobook.co.kr/images/book/large/342/l9791196814342.jpg
일본소설,나미야 잡화점의 기적,히가시노 게이고,현대문학,"13,320",http://image.kyobobook.co.kr/images/book/large/194/l9788972756194.jpg
일본소설,백조와 박쥐,히가시노 게이고,현대문학,"16,200",http://image.kyobobook.co.kr/images/book/large/928/l9791190885928.jpg
일본소설,조인계획,히가시노 게이고,현대문학,"13,950",http://image.kyobobook.co.kr/images/book/large/869/l9791167900869.jpg
일본소설,소문,오기와라 히로시,모모,"14,850",http://image.kyobobook.co.kr/images/book/large/419/l9791191043419.jpg
일본소설,노르웨이의 숲,무라카미 하루키,민음사,"13,500",http://image.kyobobook.co.kr/images/book/large/488/l9788937434488.jpg
일본소설,백은의 잭,히가시노 게이고,소미미디어,"15,120",http://image.kyobobook.co.kr/images/book/large/034/l9791138405034.jpg
일본소설,세설(상),다니자키 준이치로,열린책들,"10,620",http://image.kyobobook.co.kr/images/book/large/677/l9788932909677.jpg
일본소설,여자 없는 남자들,무라카미 하루키,문학동네,"12,420",http://image.kyobobook.co.kr/images/book/large/586/l9788954625586.jpg
일본소설,세설(하),다니자키 준이치로,열린책들,"10,620",http://image.kyobobook.co.kr/images/book/large/684/l9788932909684.jpg
일본소설,여름은 오래 그곳에 남아,마쓰이에 마사시,비채,"12,600",http://image.kyobobook.co.kr/images/book/large/204/l9788934972204.jpg
일본소설,Re:제로부터 시작하는 이세계 생활 Ex. 5,나가츠키 탓페이,오츠카 신이치로,"6,750",http://image.kyobobook.co.kr/images/book/large/238/l9791138010238.jpg
일본소설,라이온의 간식,오가와 이토,알에이치코리아,"13,320",http://image.kyobobook.co.kr/images/book/large/245/l9788925579245.jpg
일본소설,설국,가와바타 야스나리,민음사,"6,300",http://image.kyobobook.co.kr/images/book/large/616/l9788937460616.jpg
일본소설,용의자 X의 헌신,히가시노 게이고,재인,"15,120",http://image.kyobobook.co.kr/images/book/large/704/l9788990982704.jpg
일본소설,네가 마지막으로 남긴 노래,이치조 미사키,모모,"12,600",http://image.kyobobook.co.kr/images/book/large/532/l9791191043532.jpg
일본소설,가면산장 살인사건,히가시노 게이고,재인,"13,320",http://image.kyobobook.co.kr/images/book/large/575/l9788990982575.jpg
일본소설,새 엄마가 데려온 딸이 전 여친이었다. 4,카미시로 쿄스케,타카야Ki,"7,020",http://image.kyobobook.co.kr/images/book/large/364/l9791127863364.jpg
일본소설,루팡의 딸. 3,요코제키 다이,북플라자,"13,500",http://image.kyobobook.co.kr/images/book/large/407/l9791190157407.jpg
일본소설,귀멸의 칼날 행복의 꽃,고토게 코요하루,야지마 아야,"6,300",http://image.kyobobook.co.kr/images/book/large/692/l9791134850692.jpg
일본소설,책벌레의 하극상 제5부 여신의 화신. 1+2022 캘린더 세트,카즈키 미야,시이나 유우,"19,800",http://image.kyobobook.co.kr/images/book/large/517/l9791167690517.jpg
일본소설,공중그네,오쿠다 히데오,은행나무,"12,420",http://image.kyobobook.co.kr/images/book/large/021/l9788956601021.jpg
일본소설,버터,유즈키 아사코,이봄,"16,020",http://image.kyobobook.co.kr/images/book/large/483/l9791190582483.jpg
일본소설,변변찮은 마술강사와 추상일지. 8,히츠지 타로,미시마 쿠로네,"7,020",http://image.kyobobook.co.kr/images/book/large/357/l9791127863357.jpg
일본소설,약사의 혼잣말. 10,휴우가 나츠,학산문화사,"8,100",http://image.kyobobook.co.kr/images/book/large/509/l9791134899509.jpg
일본소설,만년,다자이 오사무,민음사,"12,600",http://image.kyobobook.co.kr/images/book/large/822/l9788937463822.jpg
일본소설,돌이킬 수 없는 약속,야쿠마루 가쿠,북플라자,"13,500",http://image.kyobobook.co.kr/images/book/large/795/l9788998274795.jpg
일본소설,"내가 연인이 될 수 있을 리 없잖아, 무리무리!(무리가 아니었다?!). 4",미카미 테렌,타케시마 에쿠,"8,820",http://image.kyobobook.co.kr/images/book/large/298/l9791138407298.jpg
일본소설,악의,히가시노 게이고,현대문학,"12,600",http://image.kyobobook.co.kr/images/book/large/031/l9788972750031.jpg
일본소설,라플라스의 마녀,히가시노 게이고,현대문학,"13,320",http://image.kyobobook.co.kr/images/book/large/573/l9788972757573.jpg
일본소설,너는 기억 못하겠지만,후지마루,아르테(arte),"12,600",http://image.kyobobook.co.kr/images/book/large/976/l9788950978976.jpg
일본소설,바람이 강하게 불고 있다,미우라 시온,청미래,"15,120",http://image.kyobobook.co.kr/images/book/large/769/l9788986836769.jpg
일본소설,"아빠는 영웅, 엄마는 정령, 딸인 나는 전생자. 5",마츠우라,keepout,"8,550",http://image.kyobobook.co.kr/images/book/large/388/l9791127863388.jpg
일본소설,루팡의 딸. 2,요코제키 다이,북플라자,"13,500",http://image.kyobobook.co.kr/images/book/large/346/l9791190157346.jpg
일본소설,방황하는 칼날,히가시노 게이고,하빌리스,"15,300",http://image.kyobobook.co.kr/images/book/large/630/l9791136278630.jpg
일본소설,내 여동생이 이렇게 귀여울 리가 없어. 16,후시미 츠카사,칸자키 히로,"7,200",http://image.kyobobook.co.kr/images/book/large/083/l9791136290083.jpg
일본소설,너의 췌장을 먹고 싶어,스미노 요루,소미미디어,"12,420",http://image.kyobobook.co.kr/images/book/large/223/l9791157107223.jpg
일본소설,녹나무의 파수꾼,히가시노 게이고,소미미디어,"16,020",http://image.kyobobook.co.kr/images/book/large/064/l9791165075064.jpg
일본소설,후회하는 소녀와 축제의 밤,아키타케 사라다,알에이치코리아,"15,120",http://image.kyobobook.co.kr/images/book/large/965/l9788925578965.jpg
일본소설,마음,나쓰메소세키,현암사,"11,700",http://image.kyobobook.co.kr/images/book/large/960/l9788932317960.jpg
일본소설,사양,다자이 오사무,민음사,"9,000",http://image.kyobobook.co.kr/images/book/large/594/l9788937463594.jpg
일본소설,인간 실격(다자이 오사무 사후 70주년 특별판),다자이 오사무,시공사,"10,350",http://image.kyobobook.co.kr/images/book/large/620/l9788952790620.jpg
일본소설,고블린 슬레이어. 15,카규 쿠모,칸나츠키 노보루,"9,000",http://image.kyobobook.co.kr/images/book/large/180/l9791127863180.jpg
일본소설,정령환상기. 18,키타야마 유리,Riv,"6,750",http://image.kyobobook.co.kr/images/book/large/274/l9791138407274.jpg
일본소설,일인칭 단수,무라카미 하루키,문학동네,"13,050",http://image.kyobobook.co.kr/images/book/large/987/l9788954675987.jpg
일본소설,상실의 시대(원제: 노르웨이의 숲),무라카미 하루키,문학사상사,"13,500",http://image.kyobobook.co.kr/images/book/large/691/l9788970123691.jpg
일본소설,어서 오세요 실력지상주의 교실에: 2학년 편. 4.5,키누가사 쇼고,토모세 순사쿠,"7,200",http://image.kyobobook.co.kr/images/book/large/317/l9791138405317.jpg
일본소설,"국경의 남쪽, 태양의 서쪽",무라카미 하루키,문학사상,"13,500",http://image.kyobobook.co.kr/images/book/large/220/l9788970125220.jpg
일본소설,옆집 천사님 때문에 어느샌가 인간적으로 타락한 사연. 4,사에키상,하네코토,"6,750",http://image.kyobobook.co.kr/images/book/large/003/l9791138009003.jpg
일본소설,경관의 피,사사키 조,비채,"14,400",http://image.kyobobook.co.kr/images/book/large/784/l9791185014784.jpg
일본소설,나는 고양이로소이다,나쓰메 소세키,현암사,"13,500",http://image.kyobobook.co.kr/images/book/large/758/l9788932316758.jpg
일본소설,인어가 잠든 집,히가시노 게이고,재인,"16,020",http://image.kyobobook.co.kr/images/book/large/773/l9788990982773.jpg
일본소설,너는 달밤에 빛나고,사노 테츠야,디앤씨미디어,"10,800",http://image.kyobobook.co.kr/images/book/large/745/l9791127844745.jpg
일본소설,해변의 카프카(하),무라카미 하루키,문학사상사,"13,500",http://image.kyobobook.co.kr/images/book/large/092/l9788970128092.jpg
일본소설,꿀벌과 천둥,온다 리쿠,현대문학,"16,020",http://image.kyobobook.co.kr/images/book/large/303/l9788972758303.jpg
일본소설,루팡의 딸,요코제키 다이,북플라자,"13,500",http://image.kyobobook.co.kr/images/book/large/412/l9788998274412.jpg
일본소설,1Q84. 1,무라카미 하루키,문학동네,"13,320",http://image.kyobobook.co.kr/images/book/large/640/l9788954608640.jpg
일본소설,달이 이끄는 이세계 여행. 8.5,아즈미 케이,마츠모토 미츠아키,"8,550",http://image.kyobobook.co.kr/images/book/large/142/l9791127863142.jpg
일본소설,무직전생. 24,리후진 나 마고노테,시로타카,"8,100",http://image.kyobobook.co.kr/images/book/large/654/l9791134850654.jpg
일본소설,재와 환상의 그림갈. 17,주몬지 아오,시라이 에이리,"7,200",http://image.kyobobook.co.kr/images/book/large/434/l9791136287434.jpg
일본소설,비밀,히가시노 게이고,소미미디어,"15,120",http://image.kyobobook.co.kr/images/book/large/428/l9791138400428.jpg
일본소설,딱 한 번만이라도,마스다 미리,소미미디어,"12,420",http://image.kyobobook.co.kr/images/book/large/341/l9791138404341.jpg
일본소설,연애시대,노자와 히사시,모모,"15,300",http://image.kyobobook.co.kr/images/book/large/365/l9791191043365.jpg
일본소설,편지,히가시노 게이고,알에이치코리아,"13,320",http://image.kyobobook.co.kr/images/book/large/009/l9788925566009.jpg
일본소설,앨리스 죽이기,고바야시 야스미,검은숲,"12,150",http://image.kyobobook.co.kr/images/book/large/184/l9788952775184.jpg
일본소설,고백,미나토 가나에,비채,"11,520",http://image.kyobobook.co.kr/images/book/large/962/l9788992036962.jpg
일본소설,쿠로노 전기. 5,사이토 아유무,무츠미 마사토,"8,820",http://image.kyobobook.co.kr/images/book/large/093/l9791138406093.jpg
일본소설,또다시 같은 꿈을 꾸었어,스미노 요루,소미미디어,"12,420",http://image.kyobobook.co.kr/images/book/large/159/l9791161902159.jpg
일본소설,블랙 쇼맨과 이름 없는 마을의 살인,히가시노 게이고,알에이치코리아,"16,200",http://image.kyobobook.co.kr/images/book/large/711/l9788925591711.jpg
일본소설,1Q84. 2,무라카미 하루키,문학동네,"13,320",http://image.kyobobook.co.kr/images/book/large/657/l9788954608657.jpg
일본소설,나의 사이클롭스,야마시로 아사코,엘릭시르,"13,500",http://image.kyobobook.co.kr/images/book/large/330/l9788954684330.jpg
일본소설,해변의 카프카(상),무라카미 하루키,문학사상사,"13,500",http://image.kyobobook.co.kr/images/book/large/085/l9788970128085.jpg
일본소설,냉정과 열정 사이(Rosso),에쿠니 가오리,소담출판사,"10,800",http://image.kyobobook.co.kr/images/book/large/894/l9788973817894.jpg
일본소설,탐정 갈릴레오,히가시노 게이고,재인,"10,800",http://image.kyobobook.co.kr/images/book/large/278/l9788990982278.jpg
일본소설,달이 이끄는 이세계 여행. 9,아즈미 케이,마츠모토 미츠아키,"8,100",http://image.kyobobook.co.kr/images/book/large/854/l9791127856854.jpg
일본소설,"애인 대행을 시작한 나, 어째선지 미소녀의 지명 의뢰가 들어왔다. 2",나츠노미,후미,"6,750",http://image.kyobobook.co.kr/images/book/large/106/l9791138407106.jpg
일본소설,인간 실격(초판본)(1948년 오리지널 초판본 표지디자인),다자이 오사무,더스토리,"6,930",http://image.kyobobook.co.kr/images/book/large/263/l9791164455263.jpg
일본소설,어리석은 자의 독,우사미 마코토,블루홀식스(블루홀6),"13,950",http://image.kyobobook.co.kr/images/book/large/399/l9791189571399.jpg
일본소설,낙원은 탐정의 부재,샤센도 유키,블루홀식스(블루홀6),"14,850",http://image.kyobobook.co.kr/images/book/large/665/l9791189571665.jpg
일본소설,책벌레의 하극상 제5부 여신의 화신. 1,카즈키 미야,시이나 유우,"9,000",http://image.kyobobook.co.kr/images/book/large/563/l9791191225563.jpg
일본소설,1Q84 문고판 세트,무라카미 하루키,문학동네,"29,700",http://image.kyobobook.co.kr/images/book/large/473/l9788954640473.jpg
일본소설,오늘밤은 잠들 수 없어,미야베 미유키,문학동네,"13,500",http://image.kyobobook.co.kr/images/book/large/651/l9788954684651.jpg
일본소설,바람의 노래를 들어라,무라카미 하루키,문학사상사,"9,900",http://image.kyobobook.co.kr/images/book/large/194/l9788970127194.jpg
일본소설,냉정과 열정 사이(Blu),츠지 히토나리,소담출판사,"10,800",http://image.kyobobook.co.kr/images/book/large/887/l9788973817887.jpg
일본소설,현자의 손자. 10,요시오카 츠요시,키쿠치 세이지,"7,020",http://image.kyobobook.co.kr/images/book/large/371/l9791127863371.jpg
일본소설,주술회전. 2: 새벽의 가시밭길,Gege Akutami,서울미디어코믹스(서울문화사),"7,020",http://image.kyobobook.co.kr/images/book/large/356/l9791136741356.jpg
일본소설,치토세 군은 라무네 병 속에. 3,히로무,raemz,"6,750",http://image.kyobobook.co.kr/images/book/large/799/l9791138405799.jpg
일본소설,악덕 기사단의 노예가 착한 모험가 길드에 스카우트 되어 S랭크가 되었습니다. 1,지오,유우야,"8,820",http://image.kyobobook.co.kr/images/book/large/328/l9791138407328.jpg
일본소설,옆집 천사님 때문에 어느샌가 인간적으로 타락한 사연. 1,사에키상,하네코토,"6,750",http://image.kyobobook.co.kr/images/book/large/564/l9791166255564.jpg
일본소설,11문자 살인사건,히가시노 게이고,알에이치코리아,"13,320",http://image.kyobobook.co.kr/images/book/large/770/l9788925563770.jpg
일본소설,수상한 사람들,히가시노 게이고,알에이치코리아,"14,220",http://image.kyobobook.co.kr/images/book/large/306/l9788925579306.jpg
일본소설,창가의 토토,구로야나기 테츠코,이와사키 치히로,"12,420",http://image.kyobobook.co.kr/images/book/large/309/l9788934996309.jpg
일본소설,노르웨이의 숲,무라카미 하루키,민음사,"12,600",http://image.kyobobook.co.kr/images/book/large/105/l9788937463105.jpg
일본소설,라쇼몬,아쿠타가와 류노스케,민음사,"10,800",http://image.kyobobook.co.kr/images/book/large/266/l9788937463266.jpg
일본소설,할머니와 나의 3천 엔,하라다 히카,문학동네,"13,050",http://image.kyobobook.co.kr/images/book/large/187/l9788954684187.jpg
일본소설,해바라기가 피지 않는 여름,미치오 슈스케,들녘,"10,800",http://image.kyobobook.co.kr/images/book/large/062/l9788975270062.jpg
일본소설,드라큘라 야근!. 2,와가하라 사토시,아리사카 아코,"7,020",http://image.kyobobook.co.kr/images/book/large/340/l9791127863340.jpg
일본소설,옆집 천사님 때문에 어느샌가 인간적으로 타락한 사연. 2,사에키상,하네코토,"6,750",http://image.kyobobook.co.kr/images/book/large/611/l9791138000611.jpg
일본소설,언제나 쌀쌀맞게 구는 소꿉친구지만 나를 짝사랑하는 속마음이 다 들려서 귀여워. 1,로쿠마스 로쿠로타,bun150,"6,750",http://image.kyobobook.co.kr/images/book/large/221/l9791138010221.jpg
일본소설,어서 오세요 실력지상주의 교실에: 2학년 편. 4,키누가사 쇼고,토모세 순사쿠,"7,200",http://image.kyobobook.co.kr/images/book/large/941/l9791138402941.jpg
일본소설,잿빛극장,온다 리쿠,망고,"13,950",http://image.kyobobook.co.kr/images/book/large/134/l9791168210134.jpg
일본소설,인간 실격(초판본)(리커버 고급 벨벳 양장본),다자이 오사무,코너스톤,"8,550",http://image.kyobobook.co.kr/images/book/large/429/l9791190669429.jpg
일본소설,유지니아,온다 리쿠,김영사,"13,320",http://image.kyobobook.co.kr/images/book/large/186/l9788934980186.jpg
일본소설,디 에센셜: 다자이 오사무,다자이 오사무,민음사,"14,400",http://image.kyobobook.co.kr/images/book/large/391/l9788937413391.jpg
일본소설,태엽 감는 새 연대기. 2: 예언하는 새,무라카미 하루키,민음사,"10,800",http://image.kyobobook.co.kr/images/book/large/730/l9788937463730.jpg
일본소설,색채가 없는 다자키 쓰쿠루와 그가 순례를 떠난 해,무라카미 하루키,민음사,"13,320",http://image.kyobobook.co.kr/images/book/large/927/l9788937487927.jpg
일본소설,1Q84. 3,무라카미 하루키,문학동네,"14,220",http://image.kyobobook.co.kr/images/book/large/800/l9788954611800.jpg
일본소설,요네자와 호노부와 고전부,요네자와 호노부 외,엘릭시르,"13,320",http://image.kyobobook.co.kr/images/book/large/394/l9788954680394.jpg
일본소설,파리 마카롱 수수께끼,요네자와 호노부,엘릭시르,"13,320",http://image.kyobobook.co.kr/images/book/large/367/l9788954682367.jpg
일본소설,꿈에도 생각하지 않아,미야베 미유키,문학동네,"13,500",http://image.kyobobook.co.kr/images/book/large/668/l9788954684668.jpg
일본소설,붉은 손가락,히가시노 게이고,현대문학,"12,600",http://image.kyobobook.co.kr/images/book/large/093/l9788972750093.jpg
일본소설,위험한 비너스,히가시노 게이고,현대문학,"13,320",http://image.kyobobook.co.kr/images/book/large/242/l9788972758242.jpg
일본소설,백야행. 1,히가시노 게이고,재인,"15,120",http://image.kyobobook.co.kr/images/book/large/612/l9788990982612.jpg
일본소설,무직전생. 11,리후진 나 마고노테,시로타카,"7,920",http://image.kyobobook.co.kr/images/book/large/126/l9791125676126.jpg
일본소설,달이 이끄는 이세계 여행. 7,아즈미 케이,마츠모토 미츠아키,"8,100",http://image.kyobobook.co.kr/images/book/large/456/l9791127850456.jpg
일본소설,달이 이끄는 이세계 여행. 10,아즈미 케이,마츠모토 미츠아키,"8,550",http://image.kyobobook.co.kr/images/book/large/476/l9791127858476.jpg
일본소설,문호 스트레이독스. 7,아사기리 카프카,하루카와 산고,"7,380",http://image.kyobobook.co.kr/images/book/large/814/l9791138005814.jpg
일본소설,Re: 제로부터 시작하는 이세계 생활. 27,나가츠키 탓페이,오츠카 신이치로,"6,750",http://image.kyobobook.co.kr/images/book/large/845/l9791138005845.jpg
일본소설,엄한 여자 상사가 고등학생으로 돌아갔더니 내게 호감을 보이는 이유. 1,토쿠야마 긴지로,요무,"8,820",http://image.kyobobook.co.kr/images/book/large/031/l9791138406031.jpg
일본소설,터무니없는 스킬로 이세계 방랑 밥. 8,에구치 렌,마사,"8,820",http://image.kyobobook.co.kr/images/book/large/772/l9791138406772.jpg
일본소설,전생했더니 슬라임이었던 건에 대하여. 7,후세,밋츠바,"8,820",http://image.kyobobook.co.kr/images/book/large/215/l9791157104215.jpg
일본소설,"빨간 모자, 여행을 떠나 시체를 만났습니다",아오야기 아이토,한스미디어,"14,220",http://image.kyobobook.co.kr/images/book/large/414/l9791160077414.jpg
일본소설,오버로드. 14,마루야마 쿠가네,so-bin,"10,800",http://image.kyobobook.co.kr/images/book/large/560/l9791165247560.jpg
일본소설,어서 오세요 실력지상주의 교실에: 2학년 편. 2,키누가사 쇼고,토모세 순사쿠,"6,750",http://image.kyobobook.co.kr/images/book/large/428/l9791166117428.jpg
일본소설,마호로 역 다다 심부름집,미우라 시온,은행나무,"13,500",http://image.kyobobook.co.kr/images/book/large/096/l9791167371096.jpg
일본소설,기만의 살의,미키 아키코,블루홀식스(블루홀6),"12,600",http://image.kyobobook.co.kr/images/book/large/627/l9791189571627.jpg
일본소설,기담 룸,하야미네 가오루,모모,"12,600",http://image.kyobobook.co.kr/images/book/large/402/l9791191043402.jpg
일본소설,하쿠바산장 살인사건,히가시노 게이고,알에이치코리아,"14,220",http://image.kyobobook.co.kr/images/book/large/130/l9788925569130.jpg
일본소설,일곱 개의 회의,이케이도 준,비채,"13,050",http://image.kyobobook.co.kr/images/book/large/559/l9788934984559.jpg
일본소설,태엽 감는 새 연대기. 1: 도둑 까치,무라카미 하루키,민음사,"10,800",http://image.kyobobook.co.kr/images/book/large/723/l9788937463723.jpg
일본소설,세계의 끝과 하드보일드 원더랜드. 1,무라카미 하루키,민음사,"13,500",http://image.kyobobook.co.kr/images/book/large/625/l9788937479625.jpg
일본소설,가끔 너를 생각해,후지마루,아르테(arte),"12,600",http://image.kyobobook.co.kr/images/book/large/424/l9788950985424.jpg
일본소설,책을 지키려는 고양이,나쓰카와 소스케,아르테(arte),"14,400",http://image.kyobobook.co.kr/images/book/large/928/l9788950995928.jpg
일본소설,도로시 죽이기,고바야시 야스미,검은숲,"12,150",http://image.kyobobook.co.kr/images/book/large/712/l9788952790712.jpg
일본소설,모방범. 1,미야베 미유키,문학동네,"12,420",http://image.kyobobook.co.kr/images/book/large/710/l9788954617710.jpg
일본소설,엠브리오 기담,야마시로 아사코,엘릭시르,"12,420",http://image.kyobobook.co.kr/images/book/large/206/l9788954624206.jpg
일본소설,낮술,하라다 히카,문학동네,"13,050",http://image.kyobobook.co.kr/images/book/large/947/l9788954679947.jpg
일본소설,환상의 빛,미야모토 테루,바다출판사,"8,100",http://image.kyobobook.co.kr/images/book/large/412/l9788955617412.jpg
일본소설,너와 만날 수 있었던 4%의 기적,히로세 미이,제우미디어,"11,520",http://image.kyobobook.co.kr/images/book/large/939/l9788959527939.jpg
일본소설,"거짓말이 보이는 나는, 솔직한 너에게 사랑을 했다",사쿠라이 미나,제우미디어,"11,520",http://image.kyobobook.co.kr/images/book/large/158/l9788959528158.jpg
일본소설,제노사이드,다카노 가즈아키,황금가지,"13,500",http://image.kyobobook.co.kr/images/book/large/191/l9788960174191.jpg
일본소설,매스커레이드 호텔,히가시노 게이고,현대문학,"13,320",http://image.kyobobook.co.kr/images/book/large/125/l9788972756125.jpg
일본소설,검은집,기시 유스케,창해,"12,600",http://image.kyobobook.co.kr/images/book/large/184/l9788979196184.jpg
일본소설,철도원,아사다 지로,문학동네,"10,800",http://image.kyobobook.co.kr/images/book/large/323/l9788982812323.jpg
일본소설,예지몽,히가시노 게이고,재인,"10,800",http://image.kyobobook.co.kr/images/book/large/315/l9788990982315.jpg
일본소설,한없이 투명에 가까운 블루,무라카미 류,이상북스,"11,520",http://image.kyobobook.co.kr/images/book/large/286/l9788993690286.jpg
일본소설,사양(초판본)(1947년 초판본 오리지널 디자인),다자이 오사무,소와다리,"8,820",http://image.kyobobook.co.kr/images/book/large/903/l9788998046903.jpg
일본소설,달이 이끄는 이세계 여행. 1,아즈미 케이,마츠모토 미츠아키,"7,920",http://image.kyobobook.co.kr/images/book/large/133/l9791127841133.jpg
일본소설,달이 이끄는 이세계 여행. 5,아즈미 케이,마츠모토 미츠아키,"8,100",http://image.kyobobook.co.kr/images/book/large/296/l9791127847296.jpg
일본소설,달이 이끄는 이세계 여행. 6,아즈미 케이,마츠모토 미츠아키,"8,100",http://image.kyobobook.co.kr/images/book/large/767/l9791127848767.jpg
일본소설,달이 이끄는 이세계 여행. 11,아즈미 케이,마츠모토 미츠아키,"8,550",http://image.kyobobook.co.kr/images/book/large/353/l9791127861353.jpg
일본소설,새 엄마가 데려온 딸이 전 여친이었다. 3,카미시로 쿄스케,타카야Ki,"7,020",http://image.kyobobook.co.kr/images/book/large/104/l9791127863104.jpg
일본소설,친구 여동생이 나한테만 짜증나게 군다. 5,미카와 고스트,토마리,"7,020",http://image.kyobobook.co.kr/images/book/large/128/l9791127863128.jpg
일본소설,무직전생. 16,리후진 나 마고노테,시로타카,"8,100",http://image.kyobobook.co.kr/images/book/large/540/l9791134814540.jpg
일본소설,무직전생. 17,리후진 나 마고노테,시로타카,"8,100",http://image.kyobobook.co.kr/images/book/large/557/l9791134814557.jpg
일본소설,그녀는 다 계획이 있다,히가시노 게이고,하빌리스,"14,220",http://image.kyobobook.co.kr/images/book/large/473/l9791136264473.jpg
일본소설,창약 어떤 마술의 금서목록. 1,카마치 카즈마,하이무라 키요타카,"8,100",http://image.kyobobook.co.kr/images/book/large/401/l9791136294401.jpg
일본소설,내 여동생이 이렇게 귀여울 리가 없어. 15,후시미 츠카사,칸자키 히로,"7,200",http://image.kyobobook.co.kr/images/book/large/418/l9791136294418.jpg
일본소설,주술회전. 1: 떠나가는 여름과 돌아오는 가을,Gege Akutami,서울미디어코믹스(서울문화사),"7,020",http://image.kyobobook.co.kr/images/book/large/518/l9791136734518.jpg
일본소설,Re:제로부터 시작하는 이세계 생활. 26,나가츠키 탓페이,오츠카 신이치로,"6,750",http://image.kyobobook.co.kr/images/book/large/339/l9791138003339.jpg
일본소설,이세계는 스마트폰과 함께. 23,후유하라 파토라,우사츠카 에이지,"9,000",http://image.kyobobook.co.kr/images/book/large/775/l9791138009775.jpg
일본소설,어서 오세요 실력지상주의 교실에: 2학년 편. 3,키누가사 쇼고,토모세 순사쿠,"6,750",http://image.kyobobook.co.kr/images/book/large/166/l9791138401166.jpg
일본소설,라이자의 아틀리에: 어둠의 여왕과 비밀의 은신처(공식 비주얼 콜렉션),전격게임 편집부,소미미디어,"27,000",http://image.kyobobook.co.kr/images/book/large/337/l9791138403337.jpg
일본소설,나의 행복한 결혼. 1,아기토기 아쿠미,츠키오카 츠키호,"9,000",http://image.kyobobook.co.kr/images/book/large/277/l9791138406277.jpg
일본소설,꿈꾸는 남자는 현실주의자. 5,오케마루,사바미조레,"6,750",http://image.kyobobook.co.kr/images/book/large/472/l9791138407472.jpg
일본소설,벚꽃 지는 계절에 그대를 그리워하네,우타노 쇼고,한스미디어,"13,500",http://image.kyobobook.co.kr/images/book/large/522/l9791160073522.jpg
일본소설,마녀는 꿈을 지킨다,무라야마 사키,씨큐브,"13,500",http://image.kyobobook.co.kr/images/book/large/393/l9791161951393.jpg
일본소설,무직전생. 14,리후진 나 마고노테,시로타카,"8,100",http://image.kyobobook.co.kr/images/book/large/663/l9791162873663.jpg
일본소설,무직전생. 15,리후진 나 마고노테,시로타카,"8,100",http://image.kyobobook.co.kr/images/book/large/670/l9791162873670.jpg
일본소설,밤의 괴물,스미노 요루,loundraw,"12,420",http://image.kyobobook.co.kr/images/book/large/017/l9791165079017.jpg
일본소설,팅커벨 죽이기,고바야시 야스미,검은숲,"12,420",http://image.kyobobook.co.kr/images/book/large/438/l9791165791438.jpg
일본소설,마호로 역 번지 없는 땅,미우라 시온,은행나무,"12,600",http://image.kyobobook.co.kr/images/book/large/102/l9791167371102.jpg
일본소설,축제와 예감,온다 리쿠,현대문학,"11,700",http://image.kyobobook.co.kr/images/book/large/722/l9791167900722.jpg
일본소설,육식저택,고바야시 야스미,아프로스미디어,"13,500",http://image.kyobobook.co.kr/images/book/large/211/l9791189770211.jpg
일본소설,유랑의 달,나기라 유,은행나무,"13,500",http://image.kyobobook.co.kr/images/book/large/115/l9791191071115.jpg
일본소설,마음,나쓰메 소세키,웅진지식하우스,"11,700",http://image.kyobobook.co.kr/images/book/large/251/l9788901208251.jpg
일본소설,금각사,미시마 유키오,웅진지식하우스,"11,700",http://image.kyobobook.co.kr/images/book/large/907/l9788901215907.jpg
일본소설,범인 없는 살인의 밤,히가시노 게이고,알에이치코리아,"14,220",http://image.kyobobook.co.kr/images/book/large/957/l9788925588957.jpg
일본소설,이 멋진 세계에 축복을!. 2,아카츠키 나츠메,미시마 쿠로네,"6,120",http://image.kyobobook.co.kr/images/book/large/963/l9788926799963.jpg
일본소설,나쓰메 소세키 소설 전집 세트,나쓰메 소세키,현암사,"171,000",http://image.kyobobook.co.kr/images/book/large/741/l9788932316741.jpg
일본소설,산시로,나쓰메 소세키,현암사,"11,700",http://image.kyobobook.co.kr/images/book/large/045/l9788932317045.jpg
일본소설,이즈의 무희 천 마리 학 호수,가와바타 야스나리,을유문화사,"11,700",http://image.kyobobook.co.kr/images/book/large/694/l9788932403694.jpg
일본소설,애프터 다크,무라카미 하루키,비채,"11,700",http://image.kyobobook.co.kr/images/book/large/627/l9788934971627.jpg
일본소설,경관의 조건,사사키 조,비채,"13,500",http://image.kyobobook.co.kr/images/book/large/499/l9788934974499.jpg
일본소설,열쇠,다니자키 준이치로,민음사,"8,820",http://image.kyobobook.co.kr/images/book/large/422/l9788937429422.jpg
일본소설,태엽 감는 새 연대기. 3: 새 잡이 사내,무라카미 하루키,민음사,"16,200",http://image.kyobobook.co.kr/images/book/large/353/l9788937439353.jpg
일본소설,깊은 강,엔도 슈사쿠,민음사,"9,000",http://image.kyobobook.co.kr/images/book/large/606/l9788937461606.jpg
일본소설,태엽 감는 새 연대기. 3: 새 잡이 사내,무라카미 하루키,민음사,"12,600",http://image.kyobobook.co.kr/images/book/large/747/l9788937463747.jpg
일본소설,남아 있는 나날,가즈오 이시구로,민음사,"12,600",http://image.kyobobook.co.kr/images/book/large/884/l9788937463884.jpg
일본소설,작열,아키요시 리카코,마시멜로,"13,500",http://image.kyobobook.co.kr/images/book/large/614/l9788947546614.jpg
일본소설,클라라 죽이기,고바야시 야스미,검은숲,"12,150",http://image.kyobobook.co.kr/images/book/large/881/l9788952777881.jpg
일본소설,빵가게 재습격,무라카미 하루키,문학동네,"11,700",http://image.kyobobook.co.kr/images/book/large/558/l9788954624558.jpg
일본소설,기사단장 죽이기. 2: 전이하는 메타포,무라카미 하루키,문학동네,"14,670",http://image.kyobobook.co.kr/images/book/large/130/l9788954646130.jpg
일본소설,공허한 십자가,히가시노 게이고,자음과모음,"12,420",http://image.kyobobook.co.kr/images/book/large/150/l9788957078150.jpg
일본소설,츠바키 문구점,오가와 이토,위즈덤하우스,"12,600",http://image.kyobobook.co.kr/images/book/large/172/l9788959135172.jpg
일본소설,새벽의 모든,세오 마이코,왼쪽주머니,"13,500",http://image.kyobobook.co.kr/images/book/large/348/l9788960499348.jpg
일본소설,빙점,미우라 아야코,홍신문화사,"13,320",http://image.kyobobook.co.kr/images/book/large/028/l9788970558028.jpg
일본소설,둘 중 누군가 그녀를 죽였다,히가시노 게이고,현대문학,"12,600",http://image.kyobobook.co.kr/images/book/large/048/l9788972750048.jpg
일본소설,유성의 인연. 1,히가시노 게이고,현대문학,"12,600",http://image.kyobobook.co.kr/images/book/large/496/l9788972751496.jpg
일본소설,마력의 태동,히가시노 게이고,현대문학,"12,600",http://image.kyobobook.co.kr/images/book/large/546/l9788972759546.jpg
일본소설,성녀의 구제,히가시노 게이고,재인,"12,420",http://image.kyobobook.co.kr/images/book/large/360/l9788990982360.jpg
일본소설,갈릴레오의 고뇌,히가시노 게이고,재인,"13,320",http://image.kyobobook.co.kr/images/book/large/391/l9788990982391.jpg
일본소설,한여름의 방정식,히가시노 게이고,재인,"15,120",http://image.kyobobook.co.kr/images/book/large/513/l9788990982513.jpg
일본소설,백야행. 2,히가시노 게이고,재인,"15,120",http://image.kyobobook.co.kr/images/book/large/629/l9788990982629.jpg
일본소설,환야. 1,히가시노 게이고,재인,"16,020",http://image.kyobobook.co.kr/images/book/large/865/l9788990982865.jpg
일본소설,우리 집 비밀,오쿠다 히데오,재인,"14,220",http://image.kyobobook.co.kr/images/book/large/933/l9788990982933.jpg
일본소설,행복한 질문,오나리 유코,오나리 유코,"13,500",http://image.kyobobook.co.kr/images/book/large/459/l9788997728459.jpg
일본소설,무직전생. 13,리후진 나 마고노테,시로타카,"8,100",http://image.kyobobook.co.kr/images/book/large/873/l9791125699873.jpg
일본소설,달이 이끄는 이세계 여행. 2,아즈미 케이,마츠모토 미츠아키,"7,920",http://image.kyobobook.co.kr/images/book/large/154/l9791127842154.jpg
일본소설,달이 이끄는 이세계 여행. 4,아즈미 케이,마츠모토 미츠아키,"8,100",http://image.kyobobook.co.kr/images/book/large/650/l9791127845650.jpg
일본소설,변변찮은 마술강사와 금기교전. 18,히츠지 타로,미시마 쿠로네,"7,020",http://image.kyobobook.co.kr/images/book/large/312/l9791127862312.jpg
일본소설,전생 왕녀와 천재 영애의 마법 혁명. 2,카라스 피에로,키사라기 유리,"7,020",http://image.kyobobook.co.kr/images/book/large/824/l9791127862824.jpg
일본소설,곰 곰 곰 베어. 17(L노벨(L Novel)),쿠마나노,029,"8,550",http://image.kyobobook.co.kr/images/book/large/862/l9791127862862.jpg
일본소설,노 게임 노 라이프. 6,카미야 유우,카미야 유우,"6,120",http://image.kyobobook.co.kr/images/book/large/543/l9791131900543.jpg
일본소설,무직전생. 18,리후진 나 마고노테,시로타카,"8,100",http://image.kyobobook.co.kr/images/book/large/564/l9791134814564.jpg
일본소설,수염을 깎다. 그리고 여고생을 줍다.5,시메사바,학산문화사,"9,000",http://image.kyobobook.co.kr/images/book/large/647/l9791134850647.jpg
일본소설,언어의 정원,신카이 마코토,대원씨아이,"13,050",http://image.kyobobook.co.kr/images/book/large/414/l9791136234414.jpg
일본소설,날씨의 아이,신카이 마코토,대원씨아이,"13,050",http://image.kyobobook.co.kr/images/book/large/452/l9791136234452.jpg
일본소설,가짜 산모 수첩,야기 에미,하빌리스,"11,700",http://image.kyobobook.co.kr/images/book/large/667/l9791136292667.jpg
일본소설,소드 아트 온라인. 24,카와하라 레키,abec,"7,200",http://image.kyobobook.co.kr/images/book/large/565/l9791136727565.jpg
일본소설,소드 아트 온라인. 25: 유니탈 링(4),카와하라 레키,abec,"7,200",http://image.kyobobook.co.kr/images/book/large/546/l9791136735546.jpg
일본소설,무기모토 산포는 오늘이 좋아,스미노 요루,소미미디어,"13,320",http://image.kyobobook.co.kr/images/book/large/855/l9791138400855.jpg
일본소설,"너와 나의 최후의 전장, 혹은 세계가 시작되는 성전. 10",사자네 케이,네코나베 아오,"8,820",http://image.kyobobook.co.kr/images/book/large/159/l9791138401159.jpg
일본소설,독설소녀는 심술쟁이. 3,우에무라 나츠키,미레이,"6,750",http://image.kyobobook.co.kr/images/book/large/489/l9791138407489.jpg
일본소설,이 세계에서 너와 두 번째 첫사랑을,모치즈키 쿠라게,북스토리,"11,520",http://image.kyobobook.co.kr/images/book/large/016/l9791155642016.jpg
일본소설,전생했더니 슬라임이었던 건에 대하여. 8,후세,밋츠바,"8,820",http://image.kyobobook.co.kr/images/book/large/127/l9791157106127.jpg
일본소설,멸망 이전의 샹그릴라,나기라 유,한스미디어,"14,220",http://image.kyobobook.co.kr/images/book/large/650/l9791160077650.jpg
일본소설,낙하하는 저녁,에쿠니 가오리,소담출판사,"11,520",http://image.kyobobook.co.kr/images/book/large/259/l9791160270259.jpg
일본소설,집 떠난 뒤 맑음(상&하) + 다이어리 세트,에쿠니 가오리,소담출판사,"24,840",http://image.kyobobook.co.kr/images/book/large/369/l9791160272369.jpg
일본소설,마녀의 여행. 2,시라이시 죠우기,아즈루,"8,550",http://image.kyobobook.co.kr/images/book/large/742/l9791161900742.jpg
일본소설,마녀의 여행. 3,시라이시 죠우기,아즈루,"8,550",http://image.kyobobook.co.kr/images/book/large/277/l9791161907277.jpg
일본소설,마녀의 여행. 4,시라이시 죠우기,아즈루,"8,550",http://image.kyobobook.co.kr/images/book/large/183/l9791163895183.jpg
일본소설,동급생,히가시노 게이고,소미미디어,"13,320",http://image.kyobobook.co.kr/images/book/large/011/l9791165071011.jpg
일본소설,던전에서 만남을 추구하면 안 되는 걸까. 16,오모리 후지노,야스다 스즈히토,"8,100",http://image.kyobobook.co.kr/images/book/large/260/l9791166113260.jpg
일본소설,어서 오세요 실력지상주의 교실에: 2학년 편. 1,키누가사 쇼고,토모세 순사쿠,"6,750",http://image.kyobobook.co.kr/images/book/large/564/l9791166114564.jpg
일본소설,던전에서 만남을 추구하면 안 되는 걸까. 17,오모리 후지노,야스다 스즈히토,"8,100",http://image.kyobobook.co.kr/images/book/large/651/l9791166119651.jpg
일본소설,Re:제로부터 시작하는 이세계 생활. 25,나가츠키 탓페이,오츠카 신이치로,"7,020",http://image.kyobobook.co.kr/images/book/large/524/l9791166259524.jpg
일본소설,인간 의자,에도가와 란포,북노마드,"9,000",http://image.kyobobook.co.kr/images/book/large/683/l9791186561683.jpg
일본소설,인간실격,다자이 오사무,성림원북스,"8,820",http://image.kyobobook.co.kr/images/book/large/378/l9791188762378.jpg
일본소설,심야의 손님,오쿠라 데루코,위북,"13,500",http://image.kyobobook.co.kr/images/book/large/051/l9791191618051.jpg
일본소설,목요일의 아이,시게마쓰 기요시,크로스로드,"14,400",http://image.kyobobook.co.kr/images/book/large/034/l9791191718034.jpg
일본소설,아름다운 흉기,히가시노 게이고,알에이치코리아,"13,320",http://image.kyobobook.co.kr/images/book/large/206/l9788925563206.jpg
일본소설,역시 내 청춘 러브코메디는 잘못됐다. 2,와타리 와타루,풍칸8,"5,850",http://image.kyobobook.co.kr/images/book/large/251/l9788926793251.jpg
일본소설,이 멋진 세계에 축복을!. 1,아카츠키 나츠메,미시마 쿠로네,"6,120",http://image.kyobobook.co.kr/images/book/large/796/l9788926799796.jpg
일본소설,도련님,나쓰메 소세키,현암사,"10,800",http://image.kyobobook.co.kr/images/book/large/765/l9788932316765.jpg
일본소설,풀베개,나쓰메 소세키,현암사,"10,800",http://image.kyobobook.co.kr/images/book/large/772/l9788932316772.jpg
일본소설,그 후,나쓰메 소세키,현암사,"11,700",http://image.kyobobook.co.kr/images/book/large/052/l9788932317052.jpg
일본소설,사소한 변화,히가시노 게이고,비채,"12,420",http://image.kyobobook.co.kr/images/book/large/566/l9788934984566.jpg
일본소설,이상한 소리,쿠니끼다 돗뽀,창비,"10,800",http://image.kyobobook.co.kr/images/book/large/804/l9788936471804.jpg
일본소설,키친,요시모토 바나나,민음사,"10,800",http://image.kyobobook.co.kr/images/book/large/170/l9788937403170.jpg
일본소설,미친 노인의 일기,다니자키 준이치로,민음사,"8,820",http://image.kyobobook.co.kr/images/book/large/439/l9788937429439.jpg
일본소설,모래의 여자,아베 코보,민음사,"9,000",http://image.kyobobook.co.kr/images/book/large/555/l9788937460555.jpg
일본소설,그후,나쓰메 소세키,민음사,"9,900",http://image.kyobobook.co.kr/images/book/large/876/l9788937460876.jpg
일본소설,세계의 끝과 하드보일드 원더랜드. 2,무라카미 하루키,민음사,"13,500",http://image.kyobobook.co.kr/images/book/large/632/l9788937479632.jpg
일본소설,기억술사. 1: 기억을 지우는 사람,오리가미 교야,아르테(arte),"13,500",http://image.kyobobook.co.kr/images/book/large/608/l9788950969608.jpg
일본소설,마티네의 끝에서,히라노 게이치로,아르테(arte),"13,500",http://image.kyobobook.co.kr/images/book/large/905/l9788950969905.jpg
일본소설,세계의 끝과 시작은,오리가미 교야,아르테(arte),"12,600",http://image.kyobobook.co.kr/images/book/large/470/l9788950988470.jpg
일본소설,신의 카르테. 4: 의사의 길,나쓰카와 소스케,아르테(arte),"15,300",http://image.kyobobook.co.kr/images/book/large/020/l9788950994020.jpg
일본소설,편의점 인간,무라타 사야카,살림,"10,800",http://image.kyobobook.co.kr/images/book/large/268/l9788952235268.jpg
일본소설,모방범. 2,미야베 미유키,문학동네,"12,420",http://image.kyobobook.co.kr/images/book/large/727/l9788954617727.jpg
일본소설,모방범. 3,미야베 미유키,문학동네,"12,420",http://image.kyobobook.co.kr/images/book/large/734/l9788954617734.jpg
일본소설,중국행 슬로보트,무라카미 하루키,문학동네,"10,350",http://image.kyobobook.co.kr/images/book/large/527/l9788954624527.jpg
일본소설,반딧불이,무라카미 하루키,문학동네,"10,800",http://image.kyobobook.co.kr/images/book/large/534/l9788954624534.jpg
일본소설,회전목마의 데드히트,무라카미 하루키,문학동네,"10,800",http://image.kyobobook.co.kr/images/book/large/541/l9788954624541.jpg
일본소설,안녕 요정,요네자와 호노부,엘릭시르,"12,600",http://image.kyobobook.co.kr/images/book/large/725/l9788954637725.jpg
일본소설,1Q84(10주년 기념 합본 한정판),무라카미 하루키,문학동네,"43,000",http://image.kyobobook.co.kr/images/book/large/139/l9788954656139.jpg
일본소설,밀실살인게임,우타노 쇼고,한스미디어,"11,700",http://image.kyobobook.co.kr/images/book/large/935/l9788959752935.jpg
일본소설,스푸트니크의 연인,무라카미 하루키,문학사상,"12,420",http://image.kyobobook.co.kr/images/book/large/498/l9788970128498.jpg
일본소설,잠,무라카미 하루키,카트 멘쉬크,"12,420",http://image.kyobobook.co.kr/images/book/large/801/l9788970128801.jpg
일본소설,일본 하이쿠 선집,마쓰오 바쇼,책세상,"6,210",http://image.kyobobook.co.kr/images/book/large/717/l9788970135717.jpg
일본소설,길은 여기에,미우라 아야코,홍신문화사,"10,800",http://image.kyobobook.co.kr/images/book/large/042/l9788970558042.jpg
일본소설,빙점(속),미우라 아야코,홍신문화사,"13,320",http://image.kyobobook.co.kr/images/book/large/196/l9788970558196.jpg
일본소설,가가 형사 시리즈 세트,히가시노 게이고,현대문학,"88,200",http://image.kyobobook.co.kr/images/book/large/000/l9788972750000.jpg
일본소설,잠자는 숲,히가시노 게이고,현대문학,"12,600",http://image.kyobobook.co.kr/images/book/large/024/l9788972750024.jpg
일본소설,내가 그를 죽였다,히가시노 게이고,현대문학,"12,600",http://image.kyobobook.co.kr/images/book/large/055/l9788972750055.jpg
일본소설,"거짓말, 딱 한 개만 더",히가시노 게이고,현대문학,"12,600",http://image.kyobobook.co.kr/images/book/large/062/l9788972750062.jpg
일본소설,졸업: 설월화 살인 게임,히가시노 게이고,현대문학,"12,600",http://image.kyobobook.co.kr/images/book/large/086/l9788972750086.jpg
일본소설,유성의 인연. 2,히가시노 게이고,현대문학,"12,600",http://image.kyobobook.co.kr/images/book/large/502/l9788972751502.jpg
일본소설,박사가 사랑한 수식,오가와 요코,현대문학,"11,700",http://image.kyobobook.co.kr/images/book/large/085/l9788972757085.jpg
일본소설,악녀에 대하여,아리요시 사와코,현대문학,"13,320",http://image.kyobobook.co.kr/images/book/large/037/l9788972758037.jpg
일본소설,신참자,히가시노 게이고,재인,"13,320",http://image.kyobobook.co.kr/images/book/large/469/l9788990982469.jpg
일본소설,기린의 날개,히가시노 게이고,재인,"15,120",http://image.kyobobook.co.kr/images/book/large/674/l9788990982674.jpg
일본소설,기도의 막이 내릴 때(저자 사인 인쇄본),히가시노 게이고,재인,"15,120",http://image.kyobobook.co.kr/images/book/large/780/l9788990982780.jpg
일본소설,살인 현장은 구름 위,히가시노 게이고,재인,"12,420",http://image.kyobobook.co.kr/images/book/large/810/l9788990982810.jpg
일본소설,환야. 2,히가시노 게이고,재인,"16,020",http://image.kyobobook.co.kr/images/book/large/872/l9788990982872.jpg
일본소설,곰 곰 곰 베어. 11.5,쿠마나노,029,"8,100",http://image.kyobobook.co.kr/images/book/large/097/l9791127857097.jpg
일본소설,이 멋진 세계에 축복을!. 17,아카츠키 나츠메,미시마 쿠로네,"7,020",http://image.kyobobook.co.kr/images/book/large/387/l9791127857387.jpg
일본소설,이 멋진 세계에 축복을! 요리미치!. 2,아카츠키 나츠메,미시마 쿠로네,"7,020",http://image.kyobobook.co.kr/images/book/large/810/l9791127858810.jpg
일본소설,변변찮은 마술강사와 추상일지. 7,히츠지 타로,미시마 쿠로네,"7,020",http://image.kyobobook.co.kr/images/book/large/257/l9791127860257.jpg
일본소설,청춘 돼지는 나이팅게일의 꿈을 꾸지 않는다,카모시다 하지메,미조구치 케이지,"7,020",http://image.kyobobook.co.kr/images/book/large/264/l9791127860264.jpg
일본소설,역시 내 청춘 러브코메디는 잘못됐다. 14.5,와타리 와타루,퐁칸,"7,020",http://image.kyobobook.co.kr/images/book/large/681/l9791127861681.jpg
일본소설,새 엄마가 데려온 딸이 전 여친이었다. 2,카미시로 쿄스케,타카야Ki,"7,020",http://image.kyobobook.co.kr/images/book/large/305/l9791127862305.jpg
일본소설,데스마치에서 시작되는 이세계 광상곡. 23,아이나나 히로,shri,"8,550",http://image.kyobobook.co.kr/images/book/large/589/l9791127862589.jpg
일본소설,아라포 현자의 이세계 생활 일기. 9,코토부키 야스키요,John Dee,"8,550",http://image.kyobobook.co.kr/images/book/large/159/l9791127863159.jpg
